{
  "homebrew_version": "4.6.20-7-g490e51d",
  "used_options": [],
  "unused_options": [],
  "built_as_bottle": true,
  "poured_from_bottle": true,
  "loaded_from_api": true,
  "installed_as_dependency": false,
  "installed_on_request": true,
  "changed_files": [
    "lib/pkgconfig/poppler-cpp.pc",
    "lib/pkgconfig/poppler-glib.pc",
    "lib/pkgconfig/poppler.pc",
    "share/pkgconfig/poppler-data.pc"
  ],
  "time": 1763771572,
  "source_modified_time": 1762215039,
  "compiler": "clang",
  "aliases": [],
  "runtime_dependencies": [
    {
      "full_name": "libpng",
      "version": "1.6.50",
      "revision": 0,
      "bottle_rebuild": 0,
      "pkg_version": "1.6.50",
      "declared_directly": true
    },
    {
      "full_name": "freetype",
      "version": "2.14.1",
      "revision": 1,
      "bottle_rebuild": 0,
      "pkg_version": "2.14.1_1",
      "declared_directly": true
    },
    {
      "full_name": "libunistring",
      "version": "1.4.1",
      "revision": 0,
      "bottle_rebuild": 0,
      "pkg_version": "1.4.1",
      "declared_directly": false
    },
    {
      "full_name": "gettext",
      "version": "0.26",
      "revision": 1,
      "bottle_rebuild": 0,
      "pkg_version": "0.26_1",
      "declared_directly": true
    },
    {
      "full_name": "fontconfig",
      "version": "2.17.1",
      "revision": 0,
      "bottle_rebuild": 1,
      "pkg_version": "2.17.1",
      "declared_directly": true
    },
    {
      "full_name": "pcre2",
      "version": "10.47",
      "revision": 0,
      "bottle_rebuild": 0,
      "pkg_version": "10.47",
      "declared_directly": false
    },
    {
      "full_name": "glib",
      "version": "2.86.2",
      "revision": 0,
      "bottle_rebuild": 0,
      "pkg_version": "2.86.2",
      "declared_directly": true
    },
    {
      "full_name": "xorgproto",
      "version": "2024.1",
      "revision": 0,
      "bottle_rebuild": 0,
      "pkg_version": "2024.1",
      "declared_directly": false
    },
    {
      "full_name": "libxau",
      "version": "1.0.12",
      "revision": 0,
      "bottle_rebuild": 0,
      "pkg_version": "1.0.12",
      "declared_directly": false
    },
    {
      "full_name": "libxdmcp",
      "version": "1.1.5",
      "revision": 0,
      "bottle_rebuild": 0,
      "pkg_version": "1.1.5",
      "declared_directly": false
    },
    {
      "full_name": "libxcb",
      "version": "1.17.0",
      "revision": 0,
      "bottle_rebuild": 1,
      "pkg_version": "1.17.0",
      "declared_directly": false
    },
    {
      "full_name": "libx11",
      "version": "1.8.12",
      "revision": 0,
      "bottle_rebuild": 0,
      "pkg_version": "1.8.12",
      "declared_directly": false
    },
    {
      "full_name": "libxext",
      "version": "1.3.6",
      "revision": 0,
      "bottle_rebuild": 0,
      "pkg_version": "1.3.6",
      "declared_directly": false
    },
    {
      "full_name": "libxrender",
      "version": "0.9.12",
      "revision": 0,
      "bottle_rebuild": 0,
      "pkg_version": "0.9.12",
      "declared_directly": false
    },
    {
      "full_name": "lzo",
      "version": "2.10",
      "revision": 0,
      "bottle_rebuild": 0,
      "pkg_version": "2.10",
      "declared_directly": false
    },
    {
      "full_name": "pixman",
      "version": "0.46.4",
      "revision": 0,
      "bottle_rebuild": 1,
      "pkg_version": "0.46.4",
      "declared_directly": false
    },
    {
      "full_name": "cairo",
      "version": "1.18.4",
      "revision": 0,
      "bottle_rebuild": 1,
      "pkg_version": "1.18.4",
      "declared_directly": true
    },
    {
      "full_name": "ca-certificates",
      "version": "2025-11-04",
      "revision": 0,
      "bottle_rebuild": 1,
      "pkg_version": "2025-11-04",
      "declared_directly": false
    },
    {
      "full_name": "gmp",
      "version": "6.3.0",
      "revision": 0,
      "bottle_rebuild": 0,
      "pkg_version": "6.3.0",
      "declared_directly": false
    },
    {
      "full_name": "libidn2",
      "version": "2.3.8",
      "revision": 0,
      "bottle_rebuild": 0,
      "pkg_version": "2.3.8",
      "declared_directly": false
    },
    {
      "full_name": "libtasn1",
      "version": "4.20.0",
      "revision": 0,
      "bottle_rebuild": 0,
      "pkg_version": "4.20.0",
      "declared_directly": false
    },
    {
      "full_name": "nettle",
      "version": "3.10.2",
      "revision": 0,
      "bottle_rebuild": 0,
      "pkg_version": "3.10.2",
      "declared_directly": false
    },
    {
      "full_name": "p11-kit",
      "version": "0.25.10",
      "revision": 0,
      "bottle_rebuild": 0,
      "pkg_version": "0.25.10",
      "declared_directly": false
    },
    {
      "full_name": "openssl@3",
      "version": "3.6.0",
      "revision": 0,
      "bottle_rebuild": 0,
      "pkg_version": "3.6.0",
      "declared_directly": false
    },
    {
      "full_name": "libevent",
      "version": "2.1.12",
      "revision": 1,
      "bottle_rebuild": 0,
      "pkg_version": "2.1.12_1",
      "declared_directly": false
    },
    {
      "full_name": "libnghttp2",
      "version": "1.68.0",
      "revision": 0,
      "bottle_rebuild": 0,
      "pkg_version": "1.68.0",
      "declared_directly": false
    },
    {
      "full_name": "unbound",
      "version": "1.24.1",
      "revision": 0,
      "bottle_rebuild": 0,
      "pkg_version": "1.24.1",
      "declared_directly": false
    },
    {
      "full_name": "gnutls",
      "version": "3.8.11",
      "revision": 0,
      "bottle_rebuild": 0,
      "pkg_version": "3.8.11",
      "declared_directly": false
    },
    {
      "full_name": "libgpg-error",
      "version": "1.56",
      "revision": 0,
      "bottle_rebuild": 0,
      "pkg_version": "1.56",
      "declared_directly": false
    },
    {
      "full_name": "libassuan",
      "version": "3.0.2",
      "revision": 0,
      "bottle_rebuild": 0,
      "pkg_version": "3.0.2",
      "declared_directly": true
    },
    {
      "full_name": "libgcrypt",
      "version": "1.11.2",
      "revision": 0,
      "bottle_rebuild": 0,
      "pkg_version": "1.11.2",
      "declared_directly": false
    },
    {
      "full_name": "libksba",
      "version": "1.6.7",
      "revision": 0,
      "bottle_rebuild": 0,
      "pkg_version": "1.6.7",
      "declared_directly": false
    },
    {
      "full_name": "libusb",
      "version": "1.0.29",
      "revision": 0,
      "bottle_rebuild": 0,
      "pkg_version": "1.0.29",
      "declared_directly": false
    },
    {
      "full_name": "npth",
      "version": "1.8",
      "revision": 0,
      "bottle_rebuild": 0,
      "pkg_version": "1.8",
      "declared_directly": false
    },
    {
      "full_name": "pinentry",
      "version": "1.3.2",
      "revision": 0,
      "bottle_rebuild": 0,
      "pkg_version": "1.3.2",
      "declared_directly": false
    },
    {
      "full_name": "readline",
      "version": "8.3.1",
      "revision": 0,
      "bottle_rebuild": 0,
      "pkg_version": "8.3.1",
      "declared_directly": false
    },
    {
      "full_name": "gnupg",
      "version": "2.4.8",
      "revision": 0,
      "bottle_rebuild": 0,
      "pkg_version": "2.4.8",
      "declared_directly": false
    },
    {
      "full_name": "gpgme",
      "version": "2.0.1",
      "revision": 0,
      "bottle_rebuild": 0,
      "pkg_version": "2.0.1",
      "declared_directly": true
    },
    {
      "full_name": "gpgmepp",
      "version": "2.0.0",
      "revision": 0,
      "bottle_rebuild": 0,
      "pkg_version": "2.0.0",
      "declared_directly": true
    },
    {
      "full_name": "jpeg-turbo",
      "version": "3.1.2",
      "revision": 0,
      "bottle_rebuild": 0,
      "pkg_version": "3.1.2",
      "declared_directly": true
    },
    {
      "full_name": "xz",
      "version": "5.8.1",
      "revision": 0,
      "bottle_rebuild": 0,
      "pkg_version": "5.8.1",
      "declared_directly": false
    },
    {
      "full_name": "lz4",
      "version": "1.10.0",
      "revision": 0,
      "bottle_rebuild": 1,
      "pkg_version": "1.10.0",
      "declared_directly": false
    },
    {
      "full_name": "zstd",
      "version": "1.5.7",
      "revision": 0,
      "bottle_rebuild": 1,
      "pkg_version": "1.5.7",
      "declared_directly": false
    },
    {
      "full_name": "libtiff",
      "version": "4.7.1",
      "revision": 0,
      "bottle_rebuild": 0,
      "pkg_version": "4.7.1",
      "declared_directly": true
    },
    {
      "full_name": "little-cms2",
      "version": "2.17",
      "revision": 0,
      "bottle_rebuild": 0,
      "pkg_version": "2.17",
      "declared_directly": true
    },
    {
      "full_name": "nspr",
      "version": "4.38.2",
      "revision": 0,
      "bottle_rebuild": 0,
      "pkg_version": "4.38.2",
      "declared_directly": true
    },
    {
      "full_name": "nss",
      "version": "3.118.1",
      "revision": 0,
      "bottle_rebuild": 0,
      "pkg_version": "3.118.1",
      "declared_directly": true
    },
    {
      "full_name": "openjpeg",
      "version": "2.5.4",
      "revision": 0,
      "bottle_rebuild": 0,
      "pkg_version": "2.5.4",
      "declared_directly": true
    }
  ],
  "source": {
    "spec": "stable",
    "versions": {
      "stable": "25.11.0",
      "head": null,
      "version_scheme": 0,
      "compatibility_version": null
    },
    "path": "/Users/morgancs/Library/Caches/Homebrew/api/formula.jws.json",
    "tap_git_head": null,
    "tap": "homebrew/core"
  },
  "arch": "x86_64",
  "built_on": {
    "os": "Macintosh",
    "os_version": "macOS 14.7",
    "cpu_family": "penryn",
    "xcode": "16.2",
    "clt": "16.2.0.0.1.1733547573",
    "preferred_perl": "5.34"
  }
}