{
  "SPDXID": "SPDXRef-DOCUMENT",
  "spdxVersion": "SPDX-2.3",
  "name": "SBOM-SPDX-poppler-25.11.0",
  "creationInfo": {
    "created": "2025-11-22T00:32:52Z",
    "creators": [
      "Tool: https://github.com/Homebrew/brew@5.0.3"
    ]
  },
  "dataLicense": "CC0-1.0",
  "documentNamespace": "https://formulae.brew.sh/spdx/poppler-25.11.0.json",
  "documentDescribes": [
    "SPDXRef-Archive-poppler-src",
    "SPDXRef-Package-SPDXRef-pcre2-10.47",
    "SPDXRef-Package-SPDXRef-ca-certificates-2025-11-04",
    "SPDXRef-Package-SPDXRef-gmp-6.3.0",
    "SPDXRef-Package-SPDXRef-openssl@3-3.6.0",
    "SPDXRef-Package-SPDXRef-readline-8.3.1",
    "SPDXRef-Package-SPDXRef-xz-5.8.1",
    "SPDXRef-Package-SPDXRef-lz4-1.10.0",
    "SPDXRef-Package-SPDXRef-zstd-1.5.7",
    "SPDXRef-Compiler"
  ],
  "files": [],
  "packages": [
    {
      "SPDXID": "SPDXRef-Archive-poppler-src",
      "name": "poppler",
      "versionInfo": "25.11.0",
      "filesAnalyzed": false,
      "licenseDeclared": "NOASSERTION",
      "builtDate": "2025-11-04 00:10:39 UTC",
      "licenseConcluded": "GPL-2.0-only",
      "downloadLocation": "https://poppler.freedesktop.org/poppler-25.11.0.tar.xz",
      "copyrightText": "NOASSERTION",
      "externalRefs": [],
      "checksums": [
        {
          "algorithm": "SHA256",
          "checksumValue": "63f155142b77349e2bccaef148e754e7506ab1641e713b83af4f54a8f8b15369"
        }
      ]
    },
    {
      "SPDXID": "SPDXRef-Package-SPDXRef-pcre2-10.47",
      "name": "pcre2",
      "versionInfo": "10.47",
      "filesAnalyzed": false,
      "licenseDeclared": "NOASSERTION",
      "licenseConcluded": "BSD-3-Clause",
      "downloadLocation": "https://ghcr.io/v2/homebrew/core/pcre2/blobs/sha256:a9a5f8749a644762cc6ca09e4986cdaeecedc050d43b0de19562587cb98ea655",
      "copyrightText": "NOASSERTION",
      "checksums": [
        {
          "algorithm": "SHA256",
          "checksumValue": "a9a5f8749a644762cc6ca09e4986cdaeecedc050d43b0de19562587cb98ea655"
        }
      ],
      "externalRefs": [
        {
          "referenceCategory": "PACKAGE-MANAGER",
          "referenceLocator": "pkg:brew/pcre2@10.47",
          "referenceType": "purl"
        }
      ]
    },
    {
      "SPDXID": "SPDXRef-Package-SPDXRef-ca-certificates-2025-11-04",
      "name": "ca-certificates",
      "versionInfo": "2025-11-04",
      "filesAnalyzed": false,
      "licenseDeclared": "NOASSERTION",
      "licenseConcluded": "MPL-2.0",
      "downloadLocation": "https://ghcr.io/v2/homebrew/core/ca-certificates/blobs/sha256:c414336ff5220d77124debb496c8d86ffa1bbc5946309ee2d9d26645db300b96",
      "copyrightText": "NOASSERTION",
      "checksums": [
        {
          "algorithm": "SHA256",
          "checksumValue": "c414336ff5220d77124debb496c8d86ffa1bbc5946309ee2d9d26645db300b96"
        }
      ],
      "externalRefs": [
        {
          "referenceCategory": "PACKAGE-MANAGER",
          "referenceLocator": "pkg:brew/ca-certificates@2025-11-04",
          "referenceType": "purl"
        }
      ]
    },
    {
      "SPDXID": "SPDXRef-Package-SPDXRef-gmp-6.3.0",
      "name": "gmp",
      "versionInfo": "6.3.0",
      "filesAnalyzed": false,
      "licenseDeclared": "NOASSERTION",
      "licenseConcluded": "LGPL-3.0-or-later OR GPL-2.0-or-later",
      "downloadLocation": "https://ghcr.io/v2/homebrew/core/gmp/blobs/sha256:3f2654a4c29cd2b8605bea7a9473d6984ecbefa6413662b0d976f1457099f24d",
      "copyrightText": "NOASSERTION",
      "checksums": [
        {
          "algorithm": "SHA256",
          "checksumValue": "3f2654a4c29cd2b8605bea7a9473d6984ecbefa6413662b0d976f1457099f24d"
        }
      ],
      "externalRefs": [
        {
          "referenceCategory": "PACKAGE-MANAGER",
          "referenceLocator": "pkg:brew/gmp@6.3.0",
          "referenceType": "purl"
        }
      ]
    },
    {
      "SPDXID": "SPDXRef-Package-SPDXRef-openssl@3-3.6.0",
      "name": "openssl@3",
      "versionInfo": "3.6.0",
      "filesAnalyzed": false,
      "licenseDeclared": "NOASSERTION",
      "licenseConcluded": "Apache-2.0",
      "downloadLocation": "https://ghcr.io/v2/homebrew/core/openssl/3/blobs/sha256:422323a6751ed7c4c198d97362d8967e20379daa287db7e8311ae036b9842d62",
      "copyrightText": "NOASSERTION",
      "checksums": [
        {
          "algorithm": "SHA256",
          "checksumValue": "422323a6751ed7c4c198d97362d8967e20379daa287db7e8311ae036b9842d62"
        }
      ],
      "externalRefs": [
        {
          "referenceCategory": "PACKAGE-MANAGER",
          "referenceLocator": "pkg:brew/openssl@3@3.6.0",
          "referenceType": "purl"
        }
      ]
    },
    {
      "SPDXID": "SPDXRef-Package-SPDXRef-readline-8.3.1",
      "name": "readline",
      "versionInfo": "8.3.1",
      "filesAnalyzed": false,
      "licenseDeclared": "NOASSERTION",
      "licenseConcluded": "GPL-3.0-or-later",
      "downloadLocation": "https://ghcr.io/v2/homebrew/core/readline/blobs/sha256:539e73fcb36921fdc276f60fe7b9c2eb9ea81876468e44457e3566f04650190f",
      "copyrightText": "NOASSERTION",
      "checksums": [
        {
          "algorithm": "SHA256",
          "checksumValue": "539e73fcb36921fdc276f60fe7b9c2eb9ea81876468e44457e3566f04650190f"
        }
      ],
      "externalRefs": [
        {
          "referenceCategory": "PACKAGE-MANAGER",
          "referenceLocator": "pkg:brew/readline@8.3.1",
          "referenceType": "purl"
        }
      ]
    },
    {
      "SPDXID": "SPDXRef-Package-SPDXRef-xz-5.8.1",
      "name": "xz",
      "versionInfo": "5.8.1",
      "filesAnalyzed": false,
      "licenseDeclared": "NOASSERTION",
      "licenseConcluded": "0BSD AND GPL-2.0-or-later",
      "downloadLocation": "https://ghcr.io/v2/homebrew/core/xz/blobs/sha256:ce65e4c93e377bef7e6fc7df69689f157dc1bc4fcbda1c8108ace99b9e88970c",
      "copyrightText": "NOASSERTION",
      "checksums": [
        {
          "algorithm": "SHA256",
          "checksumValue": "ce65e4c93e377bef7e6fc7df69689f157dc1bc4fcbda1c8108ace99b9e88970c"
        }
      ],
      "externalRefs": [
        {
          "referenceCategory": "PACKAGE-MANAGER",
          "referenceLocator": "pkg:brew/xz@5.8.1",
          "referenceType": "purl"
        }
      ]
    },
    {
      "SPDXID": "SPDXRef-Package-SPDXRef-lz4-1.10.0",
      "name": "lz4",
      "versionInfo": "1.10.0",
      "filesAnalyzed": false,
      "licenseDeclared": "NOASSERTION",
      "licenseConcluded": "BSD-2-Clause",
      "downloadLocation": "https://ghcr.io/v2/homebrew/core/lz4/blobs/sha256:c30d8dad4decfc0f129c4593a304fd2e3fa854058f24310ee9900d6230730e94",
      "copyrightText": "NOASSERTION",
      "checksums": [
        {
          "algorithm": "SHA256",
          "checksumValue": "c30d8dad4decfc0f129c4593a304fd2e3fa854058f24310ee9900d6230730e94"
        }
      ],
      "externalRefs": [
        {
          "referenceCategory": "PACKAGE-MANAGER",
          "referenceLocator": "pkg:brew/lz4@1.10.0",
          "referenceType": "purl"
        }
      ]
    },
    {
      "SPDXID": "SPDXRef-Package-SPDXRef-zstd-1.5.7",
      "name": "zstd",
      "versionInfo": "1.5.7",
      "filesAnalyzed": false,
      "licenseDeclared": "NOASSERTION",
      "licenseConcluded": "(BSD-3-Clause OR GPL-2.0-only) AND BSD-2-Clause AND MIT",
      "downloadLocation": "https://ghcr.io/v2/homebrew/core/zstd/blobs/sha256:873feb2d747bb21708c0229bb977364d0794e65bccbf18e33934a424342e83a1",
      "copyrightText": "NOASSERTION",
      "checksums": [
        {
          "algorithm": "SHA256",
          "checksumValue": "873feb2d747bb21708c0229bb977364d0794e65bccbf18e33934a424342e83a1"
        }
      ],
      "externalRefs": [
        {
          "referenceCategory": "PACKAGE-MANAGER",
          "referenceLocator": "pkg:brew/zstd@1.5.7",
          "referenceType": "purl"
        }
      ]
    },
    {
      "SPDXID": "SPDXRef-Compiler",
      "name": "clang",
      "versionInfo": "26.0",
      "filesAnalyzed": false,
      "licenseDeclared": "NOASSERTION",
      "licenseConcluded": "NOASSERTION",
      "copyrightText": "NOASSERTION",
      "downloadLocation": "NOASSERTION",
      "checksums": [],
      "externalRefs": []
    }
  ],
  "relationships": [
    {
      "spdxElementId": "SPDXRef-Package-SPDXRef-pcre2-10.47",
      "relationshipType": "RUNTIME_DEPENDENCY_OF",
      "relatedSpdxElement": "SPDXRef-Bottle-poppler"
    },
    {
      "spdxElementId": "SPDXRef-Package-SPDXRef-ca-certificates-2025-11-04",
      "relationshipType": "RUNTIME_DEPENDENCY_OF",
      "relatedSpdxElement": "SPDXRef-Bottle-poppler"
    },
    {
      "spdxElementId": "SPDXRef-Package-SPDXRef-gmp-6.3.0",
      "relationshipType": "RUNTIME_DEPENDENCY_OF",
      "relatedSpdxElement": "SPDXRef-Bottle-poppler"
    },
    {
      "spdxElementId": "SPDXRef-Package-SPDXRef-openssl@3-3.6.0",
      "relationshipType": "RUNTIME_DEPENDENCY_OF",
      "relatedSpdxElement": "SPDXRef-Bottle-poppler"
    },
    {
      "spdxElementId": "SPDXRef-Package-SPDXRef-readline-8.3.1",
      "relationshipType": "RUNTIME_DEPENDENCY_OF",
      "relatedSpdxElement": "SPDXRef-Bottle-poppler"
    },
    {
      "spdxElementId": "SPDXRef-Package-SPDXRef-xz-5.8.1",
      "relationshipType": "RUNTIME_DEPENDENCY_OF",
      "relatedSpdxElement": "SPDXRef-Bottle-poppler"
    },
    {
      "spdxElementId": "SPDXRef-Package-SPDXRef-lz4-1.10.0",
      "relationshipType": "RUNTIME_DEPENDENCY_OF",
      "relatedSpdxElement": "SPDXRef-Bottle-poppler"
    },
    {
      "spdxElementId": "SPDXRef-Package-SPDXRef-zstd-1.5.7",
      "relationshipType": "RUNTIME_DEPENDENCY_OF",
      "relatedSpdxElement": "SPDXRef-Bottle-poppler"
    },
    {
      "spdxElementId": "SPDXRef-File-poppler",
      "relationshipType": "PACKAGE_OF",
      "relatedSpdxElement": "SPDXRef-Archive-poppler-src"
    },
    {
      "spdxElementId": "SPDXRef-Compiler",
      "relationshipType": "BUILD_TOOL_OF",
      "relatedSpdxElement": "SPDXRef-Package-poppler-src"
    }
  ]
}